Title,Embeddings,Algorithm,Num Clusters,Silhouette Score
"DNN_(5,36,32)_CURE_nc:8","DNN_(5,36,32)",CURE,8,0.4212090586052062
"DNN_(5,36,32)_CURE_nc:6","DNN_(5,36,32)",CURE,6,0.4068505041588024
"DNN_(5,36,32)_CURE_nc:10","DNN_(5,36,32)",CURE,10,0.22822849998206624
"DNN_(5,36,32)_CURE_nc:12","DNN_(5,36,32)",CURE,12,0.21626262141369323
"DNN_(5,36,32)_CURE_nc:14","DNN_(5,36,32)",CURE,14,0.21561323871951749
"DNN_(5,36,32)_CURE_nc:16","DNN_(5,36,32)",CURE,16,0.21470585953300458
"DNN_(5,36,32)_CURE_nc:18","DNN_(5,36,32)",CURE,18,0.21244556075269636
"DNN_(5,36,32)_CURE_nc:20","DNN_(5,36,32)",CURE,20,0.170945111978677
