Title,Embeddings,Algorithm,Num Clusters,Silhouette Score
LDA_CURE_nc:6,LDA,CURE,6,0.1285274340202747
LDA_CURE_nc:8,LDA,CURE,8,0.11695538506401572
LDA_CURE_nc:10,LDA,CURE,10,0.10635574158566743
LDA_CURE_nc:12,LDA,CURE,12,0.09289230920685142
LDA_CURE_nc:14,LDA,CURE,14,0.08897492611652325
LDA_CURE_nc:16,LDA,CURE,16,0.08330109629423894
LDA_CURE_nc:18,LDA,CURE,18,0.06726686980546191
LDA_CURE_nc:20,LDA,CURE,20,0.05674392659370821
